{
  "providers": [
    {"type":"bitmap","file":"minecraft:font/ranks/member.png","ascent":7,"height":7,"chars":[""]},
    {"type":"bitmap","file":"minecraft:font/ranks/vip.png","ascent":7,"height":7,"chars":[""]},
    {"type":"bitmap","file":"minecraft:font/ranks/axolotl.png","ascent":7,"height":7,"chars":[""]},
    {"type":"bitmap","file":"minecraft:font/ranks/allay.png","ascent":7,"height":7,"chars":[""]},
    {"type":"bitmap","file":"minecraft:font/ranks/glare.png","ascent":7,"height":7,"chars":[""]},
    {"type":"bitmap","file":"minecraft:font/ranks/illusioner.png","ascent":7,"height":7,"chars":[""]},
    {"type":"bitmap","file":"minecraft:font/ranks/hoglin.png","ascent":7,"height":7,"chars":[""]},
    {"type":"bitmap","file":"minecraft:font/ranks/strider.png","ascent":7,"height":7,"chars":[""]},
    {"type":"bitmap","file":"minecraft:font/ranks/netherite.png","ascent":7,"height":7,"chars":[""]},
    {"type":"bitmap","file":"minecraft:font/ranks/media.png","ascent":7,"height":7,"chars":[""]},
    {"type":"bitmap","file":"minecraft:font/ranks/builder.png","ascent":7,"height":7,"chars":[""]},
    {"type":"bitmap","file":"minecraft:font/ranks/discord.png","ascent":7,"height":7,"chars":[""]},
    {"type":"bitmap","file":"minecraft:font/ranks/trainee.png","ascent":7,"height":7,"chars":[""]},
    {"type":"bitmap","file":"minecraft:font/ranks/helper.png","ascent":7,"height":7,"chars":[""]},
    {"type":"bitmap","file":"minecraft:font/ranks/moderator.png","ascent":7,"height":7,"chars":[""]},
    {"type":"bitmap","file":"minecraft:font/ranks/manager.png","ascent":7,"height":7,"chars":[""]},
    {"type":"bitmap","file":"minecraft:font/ranks/owner.png","ascent":7,"height":7,"chars":[""]}
  ]
}
